{
  "project_info": {
    "project_number": "319723716995",
    "project_id": "flutter-instagram-875c9",
    "storage_bucket": "flutter-instagram-875c9.appspot.com"
  },
  "client": [
    {
      "client_info": {
        "mobilesdk_app_id": "1:319723716995:android:2dac77f4adfba49b7436b6",
        "android_client_info": {
          "package_name": "com.example.flutter_instagram"
        }
      },
      "oauth_client": [
        {
          "client_id": "319723716995-k8fpn86h8qi48g0n2tol7hoin43u5bdi.apps.googleusercontent.com",
          "client_type": 3
        }
      ],
      "api_key": [
        {
          "current_key": "AIzaSyCDnXDonkkccGnes3E706qM7BoTDUg_QY0"
        }
      ],
      "services": {
        "appinvite_service": {
          "other_platform_oauth_client": [
            {
              "client_id": "319723716995-k8fpn86h8qi48g0n2tol7hoin43u5bdi.apps.googleusercontent.com",
              "client_type": 3
            }
          ]
        }
      }
    }
  ],
  "configuration_version": "1"
}