{
  "project_info": {
    "project_number": "952813676309",
    "project_id": "tony-stark-a893f",
    "storage_bucket": "tony-stark-a893f.appspot.com"
  },
  "client": [
    {
      "client_info": {
        "mobilesdk_app_id": "1:952813676309:android:ae46d0450ff65040306b1c",
        "android_client_info": {
          "package_name": "com.example.firebase_tony_stark"
        }
      },
      "oauth_client": [
        {
          "client_id": "952813676309-uge26bjbaobdbtc87tq16tsqht5fsfh9.apps.googleusercontent.com",
          "client_type": 3
        }
      ],
      "api_key": [
        {
          "current_key": "AIzaSyA4c1PCKuD8n9WaY4wWDjV7wI7eBeHyT0M"
        }
      ],
      "services": {
        "appinvite_service": {
          "other_platform_oauth_client": [
            {
              "client_id": "952813676309-uge26bjbaobdbtc87tq16tsqht5fsfh9.apps.googleusercontent.com",
              "client_type": 3
            }
          ]
        }
      }
    }
  ],
  "configuration_version": "1"
}